{
	"pools": [
		{
			"rolls": 2,
			"entries": [
				{
					"type": "minecraft:item",
					"weight": 1,
					"name": "minecraft:golden_helmet",
					"functions": [
						{
							"function": "minecraft:set_count",
							"count": 1
						},
						{
							"function": "minecraft:enchant_randomly",
							"enchantments": [
								"minecraft:protection",
								"minecraft:blast_protection",
								"minecraft:fire_protection",
								"minecraft:projectile_protection",
								"minecraft:unbreaking",
								"minecraft:thorns"
							],
							"conditions": [
								{
									"condition": "minecraft:random_chance",
									"chance": 0.5
								}
							]
						}
					]
				},
				{
					"type": "minecraft:item",
					"weight": 1,
					"name": "minecraft:golden_chestplate",
					"functions": [
						{
							"function": "minecraft:set_count",
							"count": 1
						},
						{
							"function": "minecraft:enchant_randomly",
							"enchantments": [
								"minecraft:protection",
								"minecraft:blast_protection",
								"minecraft:fire_protection",
								"minecraft:projectile_protection",
								"minecraft:unbreaking",
								"minecraft:thorns"
							],
							"conditions": [
								{
									"condition": "minecraft:random_chance",
									"chance": 0.5
								}
							]
						}
					]
				},
				{
					"type": "minecraft:item",
					"weight": 1,
					"name": "minecraft:golden_leggings",
					"functions": [
						{
							"function": "minecraft:set_count",
							"count": 1
						},
						{
							"function": "minecraft:enchant_randomly",
							"enchantments": [
								"minecraft:protection",
								"minecraft:blast_protection",
								"minecraft:fire_protection",
								"minecraft:projectile_protection",
								"minecraft:unbreaking",
								"minecraft:thorns"
							],
							"conditions": [
								{
									"condition": "minecraft:random_chance",
									"chance": 0.5
								}
							]
						}
					]
				},
				{
					"type": "minecraft:item",
					"weight": 1,
					"name": "minecraft:golden_boots",
					"functions": [
						{
							"function": "minecraft:set_count",
							"count": 1
						},
						{
							"function": "minecraft:enchant_randomly",
							"enchantments": [
								"minecraft:protection",
								"minecraft:blast_protection",
								"minecraft:fire_protection",
								"minecraft:projectile_protection",
								"minecraft:unbreaking",
								"minecraft:thorns"
							],
							"conditions": [
								{
									"condition": "minecraft:random_chance",
									"chance": 0.5
								}
							]
						}
					]
				},
				{
					"type": "minecraft:item",
					"weight": 1,
					"name": "minecraft:golden_sword",
					"functions": [
						{
							"function": "minecraft:set_count",
							"count": 1
						},
						{
							"function": "minecraft:enchant_randomly",
							"enchantments": [
								"minecraft:sharpness",
								"minecraft:bane_of_arthropods",
								"minecraft:smite",
								"minecraft:unbreaking",
								"minecraft:looting",
								"minecraft:fire_aspect"
							],
							"conditions": [
								{
									"condition": "minecraft:random_chance",
									"chance": 0.5
								}
							]
						}
					]
				},
				{
					"type": "minecraft:item",
					"weight": 1,
					"name": "minecraft:golden_axe",
					"functions": [
						{
							"function": "minecraft:set_count",
							"count": 1
						},
						{
							"function": "minecraft:enchant_randomly",
							"enchantments": [
								"minecraft:efficiency",
								"minecraft:unbreaking",
								"minecraft:sharpness",
								"minecraft:smite",
								"minecraft:bane_of_arthropods"
							],
							"conditions": [
								{
									"condition": "minecraft:random_chance",
									"chance": 0.5
								}
							]
						}
					]
				},
				{
					"type": "minecraft:item",
					"weight": 1,
					"name": "minecraft:raiser_armor_trim_smithing_template",
					"functions": [
						{
							"function": "minecraft:set_count",
							"count": 1
						}
					]
				},
				{
					"type": "minecraft:item",
					"weight": 1,
					"name": "minecraft:shield",
					"functions": [
						{
							"function": "minecraft:set_count",
							"count": 1
						}
					]
				}
			]
		},
		{
			"rolls": 2,
			"entries": [
				{
					"type": "minecraft:item",
					"name": "minecraft:iron_ingot",
					"functions": [
						{
							"function": "minecraft:set_count",
							"count": {
								"type": "minecraft:uniform",
								"min": 2,
								"max": 4
							}
						}
					]
				},
				{
					"type": "minecraft:item",
					"name": "minecraft:copper_ingot",
					"functions": [
						{
							"function": "minecraft:set_count",
							"count": {
								"type": "minecraft:uniform",
								"min": 3,
								"max": 5
							}
						}
					]
				},
				{
					"type": "minecraft:item",
					"weight": 1,
					"name": "minecraft:chain",
					"functions": [
						{
							"function": "minecraft:set_count",
							"count": {
								"type": "minecraft:uniform",
								"min": 3,
								"max": 5
							}
						}
					]
				},
				{
					"type": "minecraft:item",
					"weight": 1,
					"name": "minecraft:gold_ingot",
					"functions": [
						{
							"function": "minecraft:set_count",
							"count": {
								"type": "minecraft:uniform",
								"min": 2,
								"max": 4
							}
						}
					]
				}
			]
		},
		{
			"rolls": 2,
			"entries": [
				{
					"type": "minecraft:item",
					"name": "minecraft:iron_nugget",
					"functions": [
						{
							"function": "minecraft:set_count",
							"count": {
								"type": "minecraft:uniform",
								"min": 6,
								"max": 10
							}
						}
					]
				},
				{
					"type": "minecraft:item",
					"weight": 1,
					"name": "minecraft:brick",
					"functions": [
						{
							"function": "minecraft:set_count",
							"count": {
								"type": "minecraft:uniform",
								"min": 3,
								"max": 5
							}
						}
					]
				},
				{
					"type": "minecraft:item",
					"weight": 1,
					"name": "minecraft:stick",
					"functions": [
						{
							"function": "minecraft:set_count",
							"count": {
								"type": "minecraft:uniform",
								"min": 3,
								"max": 5
							}
						}
					]
				},
				{
					"type": "minecraft:item",
					"weight": 1,
					"name": "minecraft:leather",
					"functions": [
						{
							"function": "minecraft:set_count",
							"count": {
								"type": "minecraft:uniform",
								"min": 2,
								"max": 4
							}
						}
					]
				},
				{
					"type": "minecraft:item",
					"weight": 1,
					"name": "minecraft:flint",
					"functions": [
						{
							"function": "minecraft:set_count",
							"count": {
								"type": "minecraft:uniform",
								"min": 2,
								"max": 5
							}
						}
					]
				}
			]
		}
	]
}
