{
	"processors": [
		{
			"processor_type": "minecraft:rule",
			"rules": [
				{
					"location_predicate": {
						"predicate_type": "minecraft:always_true"
					},
					"input_predicate": {
						"predicate_type": "minecraft:random_block_match",
						"block": "minecraft:mossy_cobblestone",
						"probability": 0.5
					},
					"output_state": {
						"Name": "minecraft:cobblestone"
					}
				},
				{
					"location_predicate": {
						"predicate_type": "minecraft:always_true"
					},
					"input_predicate": {
						"predicate_type": "minecraft:random_block_match",
						"block": "minecraft:mossy_cobblestone",
						"probability": 0.15
					},
					"output_state": {
						"Name": "minecraft:stone_bricks"
					}
				},
				{
					"location_predicate": {
						"predicate_type": "minecraft:always_true"
					},
					"input_predicate": {
						"predicate_type": "minecraft:random_block_match",
						"block": "minecraft:mossy_cobblestone",
						"probability": 0.25
					},
					"output_state": {
						"Name": "minecraft:mossy_stone_bricks"
					}
				},
				{
					"location_predicate": {
						"predicate_type": "minecraft:always_true"
					},
					"input_predicate": {
						"predicate_type": "minecraft:random_block_match",
						"block": "minecraft:mossy_cobblestone",
						"probability": 0.15
					},
					"output_state": {
						"Name": "minecraft:tuff"
					}
				},
				{
					"location_predicate": {
						"predicate_type": "minecraft:always_true"
					},
					"input_predicate": {
						"predicate_type": "minecraft:random_block_match",
						"block": "minecraft:mossy_cobblestone",
						"probability": 0.1
					},
					"output_state": {
						"Name": "minecraft:moss_block"
					}
				},
				{
					"location_predicate": {
						"predicate_type": "minecraft:always_true"
					},
					"input_predicate": {
						"predicate_type": "minecraft:random_block_match",
						"block": "minecraft:cobblestone_stairs",
						"probability": 0.3
					},
					"output_state": {
						"Name": "minecraft:mossy_cobblestone_stairs"
					}
				},
				{
					"location_predicate": {
						"predicate_type": "minecraft:always_true"
					},
					"input_predicate": {
						"predicate_type": "minecraft:random_block_match",
						"block": "minecraft:cobblestone_slab",
						"probability": 0.3
					},
					"output_state": {
						"Name": "minecraft:mossy_stone_brick_slab"
					}
				}
			]
		}
	]
}
