{
	"pools": [
		{
			"rolls": 1,
			"entries": [
				{
					"type": "minecraft:item",
					"name": "minecraft:dune_armor_trim_smithing_template",
					"conditions": [
						{
							"condition": "minecraft:random_chance",
							"chance": 0.4
						}
					]
				}
			]
		},
		{
			"rolls": 8,
			"entries": [
				{
					"type": "minecraft:item",
					"weight": 20,
					"name": "minecraft:diamond",
					"functions": [
						{
							"function": "minecraft:set_count",
							"count": {
								"type": "minecraft:uniform",
								"min": 0,
								"max": 3
							}
						}
					]
				},
				{
					"type": "minecraft:item",
					"weight": 15,
					"name": "minecraft:gold_ingot",
					"functions": [
						{
							"function": "minecraft:set_count",
							"count": {
								"type": "minecraft:uniform",
								"min": 1,
								"max": 6
							}
						}
					]
				},
				{
					"type": "minecraft:item",
					"weight": 20,
					"name": "minecraft:lapis_lazuli"
				},
				{
					"type": "minecraft:item",
					"weight": 20,
					"name": "minecraft:emerald",
					"functions": [
						{
							"function": "minecraft:set_count",
							"count": {
								"type": "minecraft:uniform",
								"min": 0,
								"max": 5
							}
						}
					]
				},
				{
					"type": "minecraft:item",
					"weight": 5,
					"name": "minecraft:prize_pottery_sherd"
				},
				{
					"type": "minecraft:item",
					"weight": 10,
					"name": "minecraft:golden_horse_armor"
				},
				{
					"type": "minecraft:item",
					"weight": 1,
					"name": "minecraft:enchanted_golden_apple"
				},
				{
					"type": "minecraft:item",
					"weight": 3,
					"name": "minecraft:golden_apple"
				},
				{
					"type": "minecraft:item",
					"weight": 15,
					"name": "minecraft:bone",
					"functions": [
						{
							"function": "minecraft:set_count",
							"count": {
								"type": "minecraft:uniform",
								"min": 0,
								"max": 16
							}
						}
					]
				},
				{
					"type": "minecraft:item",
					"weight": 8,
					"name": "minecraft:potion",
					"functions": [
						{
							"function": "minecraft:set_potion",
							"id": "minecraft:strong_regeneration"
						}
					]
				},
				{
					"type": "minecraft:item",
					"weight": 5,
					"name": "minecraft:potion",
					"functions": [
						{
							"function": "minecraft:set_potion",
							"id": "minecraft:strength"
						}
					]
				},
				{
					"type": "minecraft:item",
					"weight": 5,
					"name": "minecraft:clock"
				},
				{
					"type": "minecraft:item",
					"weight": 1,
					"name": "minecraft:spyglass"
				},
				{
					"type": "minecraft:item",
					"weight": 1,
					"name": "minecraft:music_disc_13"
				},
				{
					"type": "minecraft:item",
					"weight": 1,
					"name": "minecraft:music_disc_cat"
				},
				{
					"type": "minecraft:item",
					"weight": 5,
					"name": "minecraft:glass_bottle"
				}
			]
		}
	]
}
