{
	"type": "minecraft:jigsaw",
	"biomes": "#dstruct:conquered_stronghold_spawn_biomes",
	"exclusion_zone": {
			"other_set": "minecraft:villages",
			"chunk_count": 16
		},
	"step": "strongholds",
	"spawn_overrides": {
		"monster": {
			"bounding_box": "piece",
			"spawns": [
				{
					"type": "minecraft:pillager",
					"weight": 4,
					"minCount": 1,
					"maxCount": 2
				},
				{
					"type": "minecraft:vindicator",
					"weight": 3,
					"minCount": 1,
					"maxCount": 1
				},
				{
					"type": "minecraft:illusioner",
					"weight": 1,
					"minCount": 1,
					"maxCount": 1
				}
			]
		}
	},
	"terrain_adaptation": "beard_box",
	"start_pool": "dstruct:conquered_stronghold/upper",
	"size": 5,
	"start_height": {
		"absolute": 0
	},
	"start_jigsaw_name": "dstruct:road",
	"project_start_to_heightmap": "MOTION_BLOCKING_NO_LEAVES",
	"max_distance_from_center": 116,
	"liquid_settings": "ignore_waterlogging",
	"use_expansion_hack": true
}
