{
  "type": "minecraft:jigsaw",
  "biomes": "#dstruct:desert_tomb_spawn_biomes",
  "exclusion_zone": {
			"other_set": "minecraft:villages",
			"chunk_count": 8
	},
  "max_distance_from_center": 75,
  "project_start_to_heightmap": "MOTION_BLOCKING_NO_LEAVES",
  "size": 4,
  "spawn_overrides": {},
  "start_height": {
    "absolute": 0
  },
  "start_pool": "dstruct:desert_tomb/entry/pool",
  "step": "surface_structures",
  "terrain_adaptation": "beard_thin",
  "liquid_settings": "ignore_waterlogging",
  "use_expansion_hack": false
}