{
	"pools": [
		{
			"rolls": 1,
            "bonus_rolls": 1,
			"entries": [
				{
					"type": "minecraft:item",
					"name": "minecraft:rotten_flesh",
					"functions": [
						{
							"function": "minecraft:set_count",
							"count": 6
						}
					]
				},
				{
					"type": "minecraft:item",
					"name": "minecraft:gold_nugget",
					"functions": [
						{
							"function": "minecraft:set_count",
							"count": 8
						}
					]
				},
				{
					"type": "minecraft:item",
					"name": "minecraft:bone",
					"functions": [
						{
							"function": "minecraft:set_count",
							"count": 6
						}
					]
				},
				{
					"type": "minecraft:item",
					"name": "minecraft:bone_meal",
					"functions": [
						{
							"function": "minecraft:set_count",
							"count": 8
						}
					]
				},
				{
					"type": "minecraft:item",
					"name": "minecraft:gunpowder",
					"functions": [
						{
							"function": "minecraft:set_count",
							"count": 3
						}
					]
				},
				{
					"type": "minecraft:item",
					"name": "minecraft:redstone",
					"functions": [
						{
							"function": "minecraft:set_count",
							"count": 3
						}
					]
				},
				{
					"type": "minecraft:item",
					"name": "minecraft:red_sand",
					"functions": [
						{
							"function": "minecraft:set_count",
							"count": 4
						}
					]
				},
				{
					"type": "minecraft:item",
					"name": "minecraft:clay_ball",
					"functions": [
						{
							"function": "minecraft:set_count",
							"count": 6
						}
					]
				},
				{
					"type": "minecraft:item",
					"name": "minecraft:cobweb"
				},
				{
					"type": "minecraft:item",
					"name": "minecraft:emerald"
				},
				{
					"type": "minecraft:item",
					"name": "minecraft:beetroot",
					"functions": [
						{
							"function": "minecraft:set_count",
							"count": 6
						}
					]
				},
				{
					"type": "minecraft:item",
					"name": "minecraft:melon_seeds",
					"functions": [
						{
							"function": "minecraft:set_count",
							"count": 3
						}
					]
				},
				{
					"type": "minecraft:item",
					"name": "minecraft:pumpkin_seeds",
					"functions": [
						{
							"function": "minecraft:set_count",
							"count": 3
						}
					]
				},
				{
					"type": "minecraft:item",
					"name": "minecraft:gravel",
					"functions": [
						{
							"function": "minecraft:set_count",
							"count": 4
						}
					]
				}
			]
		},
		{
			"rolls": 1,
            "bonus_rolls": 1,
			"entries": [
				{
					"type": "minecraft:empty",
					"weight": 19
				},
				{
					"type": "minecraft:item",
					"weight": 1,
					"name": "minecraft:skeleton_skull"
				}
			]
		}
	]
}
