{
	"pools": [
		{
			"rolls": 3,
            "bonus_rolls": 1,
			"entries": [
				{
					"type": "minecraft:item",
					"name": "minecraft:gold_nugget",
					"functions": [
						{
							"function": "minecraft:set_count",
							"count": {
								"type": "minecraft:uniform",
								"min": 4,
								"max": 6
							}
						}
					]
				},
				{
					"type": "minecraft:item",
					"name": "minecraft:raw_gold",
					"functions": [
						{
							"function": "minecraft:set_count",
							"count": {
								"type": "minecraft:uniform",
								"min": 3,
								"max": 5
							}
						}
					]
				},
				{
					"type": "minecraft:item",
					"name": "minecraft:copper_ingot",
					"functions": [
						{
							"function": "minecraft:set_count",
							"count": {
								"type": "minecraft:uniform",
								"min": 3,
								"max": 5
							}
						}
					]
				},
				{
					"type": "minecraft:item",
					"name": "minecraft:gold_ingot",
					"functions": [
						{
							"function": "minecraft:set_count",
							"count": {
								"type": "minecraft:uniform",
								"min": 3,
								"max": 5
							}
						}
					]
				},
				{
					"type": "minecraft:item",
					"name": "minecraft:amethyst_shard",
					"functions": [
						{
							"function": "minecraft:set_count",
							"count": {
								"type": "minecraft:uniform",
								"min": 3,
								"max": 5
							}
						}
					]
				},
				{
					"type": "minecraft:item",
					"name": "minecraft:bone",
					"functions": [
						{
							"function": "minecraft:set_count",
							"count": {
								"type": "minecraft:uniform",
								"min": 3,
								"max": 5
							}
						}
					]
				}
			]
		},
		{
			"rolls": 2,
			"entries": [
				{
					"type": "minecraft:item",
					"name": "minecraft:golden_carrot",
					"functions": [
						{
							"function": "minecraft:set_count",
							"count": {
								"type": "minecraft:uniform",
								"min": 2,
								"max": 4
							}
						}
					]
				},
				{
					"type": "minecraft:item",
					"name": "minecraft:glistering_melon_slice",
					"functions": [
						{
							"function": "minecraft:set_count",
							"count": {
								"type": "minecraft:uniform",
								"min": 2,
								"max": 4
							}
						}
					]
				},
				{
					"type": "minecraft:item",
					"name": "minecraft:fermented_spider_eye",
					"functions": [
						{
							"function": "minecraft:set_count",
							"count": {
								"type": "minecraft:uniform",
								"min": 2,
								"max": 4
							}
						}
					]
				},
				{
					"type": "minecraft:item",
					"name": "minecraft:slime_ball",
					"functions": [
						{
							"function": "minecraft:set_count",
							"count": {
								"type": "minecraft:uniform",
								"min": 2,
								"max": 4
							}
						}
					]
				},
				{
					"type": "minecraft:item",
					"name": "minecraft:emerald",
					"functions": [
						{
							"function": "minecraft:set_count",
							"count": {
								"type": "minecraft:uniform",
								"min": 2,
								"max": 4
							}
						}
					]
				},
				{
					"type": "minecraft:item",
					"name": "minecraft:obsidian",
					"functions": [
						{
							"function": "minecraft:set_count",
							"count": {
								"type": "minecraft:uniform",
								"min": 2,
								"max": 3
							}
						}
					]
				},
				{
					"type": "minecraft:item",
					"name": "minecraft:tipped_arrow",
					"functions": [
						{
							"function": "minecraft:set_count",
							"count": {
								"type": "minecraft:uniform",
								"min": 4,
								"max": 6
							}
						},
						{
							"function": "minecraft:set_potion",
							"id": "minecraft:poison"
						}
					]
				},
				{
					"type": "minecraft:item",
					"name": "minecraft:lapis_lazuli",
					"functions": [
						{
							"function": "minecraft:set_count",
							"count": {
								"type": "minecraft:uniform",
								"min": 5,
								"max": 8
							}
						}
					]
				}
			]
		},
		{
			"rolls": 2,
            "bonus_rolls": 1,
			"entries": [
				{
					"type": "minecraft:item",
					"name": "minecraft:golden_chestplate",
					"functions": [
						{
							"function": "minecraft:enchant_with_levels",
							"levels": {
								"type": "minecraft:uniform",
								"min": 15,
								"max": 20
							},
							"treasure": false
						}
					]
				},
				{
					"type": "minecraft:item",
					"name": "minecraft:golden_helmet",
					"functions": [
						{
							"function": "minecraft:enchant_with_levels",
							"levels": {
								"type": "minecraft:uniform",
								"min": 15,
								"max": 20
							},
							"treasure": false
						}
					]
				},
				{
					"type": "minecraft:item",
					"name": "minecraft:golden_sword",
					"functions": [
						{
							"function": "minecraft:enchant_with_levels",
							"levels": {
								"type": "minecraft:uniform",
								"min": 15,
								"max": 20
							},
							"treasure": false
						}
					]
				},
				{
					"type": "minecraft:item",
					"name": "minecraft:golden_axe",
					"functions": [
						{
							"function": "minecraft:enchant_with_levels",
							"levels": {
								"type": "minecraft:uniform",
								"min": 15,
								"max": 20
							},
							"treasure": false
						}
					]
				},
				{
					"type": "minecraft:item",
					"name": "minecraft:golden_apple",
					"functions": [
						{
							"function": "minecraft:set_count",
							"count": {
								"type": "minecraft:uniform",
								"min": 1,
								"max": 2
							}
						}
					]
				},
				{
					"type": "minecraft:item",
					"name": "minecraft:enchanted_golden_apple"
				},
				{
					"type": "minecraft:item",
					"name": "minecraft:diamond",
					"functions": [
						{
							"function": "minecraft:set_count",
							"count": {
								"type": "minecraft:uniform",
								"min": 1,
								"max": 2
							}
						}
					]
				},
				{
					"type": "minecraft:item",
					"name": "minecraft:enchanted_book",
					"functions": [
						{
							"function": "minecraft:enchant_with_levels",
							"levels": {
								"type": "minecraft:uniform",
								"min": 15,
								"max": 25
							},
							"treasure": false
						}
					]
				},
				{
					"type": "minecraft:item",
					"name": "minecraft:wild_armor_trim_smithing_template"
				}
			]
		}
	]
}
