{
  "type": "minecraft:jigsaw",
  "biomes": [
      "minecraft:plains",
      "minecraft:swamp",
      "minecraft:taiga",
      "minecraft:old_growth_pine_taiga",
      "minecraft:old_growth_spruce_taiga",
      "minecraft:jungle",
      "minecraft:sparse_jungle",
      "minecraft:savanna",
      "minecraft:savanna_plateau"
  ],
  "step": "surface_structures",
  "spawn_overrides": {},
  "terrain_adaptation": "beard_thin",
  "start_pool": "syhix:dolmen",
  "size": 1,
  "start_height": {
      "absolute": 1
  },
  "project_start_to_heightmap": "WORLD_SURFACE_WG",
  "max_distance_from_center": 80,
  "use_expansion_hack": false
}
