{
	"pools": [
		{
			"rolls": 6,
			"entries": [
				{
					"type": "minecraft:item",
					"name": "minecraft:stick",
					"weight": 20,
					"functions": [
						{
							"function": "minecraft:set_count",
							"count": {
								"type": "minecraft:uniform",
								"min": 0,
								"max": 2
							}
						}
					]
				},
				{
					"type": "minecraft:item",
					"name": "minecraft:red_sandstone",
					"weight": 5,
					"functions": [
						{
							"function": "minecraft:set_count",
							"count": {
								"type": "minecraft:uniform",
								"min": 0,
								"max": 1
							}
						}
					]
				},
				{
					"type": "minecraft:item",
					"name": "minecraft:copper_ingot",
					"weight": 10,
					"functions": [
						{
							"function": "minecraft:set_count",
							"count": {
								"type": "minecraft:uniform",
								"min": 0,
								"max": 2
							}
						}
					]
				},
				{
					"type": "minecraft:item",
					"name": "minecraft:wheat",
					"weight": 15
				}
			]
		},
		{
			"rolls": 2,
			"bonus_rolls": 1,
			"entries": [
				{
					"type": "minecraft:item",
					"name": "minecraft:gold_nugget",
					"weight": 30,
					"functions": [
						{
							"function": "minecraft:set_count",
							"count": {
								"type": "minecraft:uniform",
								"min": 4,
								"max": 12
							}
						}
					]
				},
				{
					"type": "minecraft:item",
					"name": "minecraft:bread",
					"weight": 50,
					"functions": [
						{
							"function": "minecraft:set_count",
							"count": {
								"type": "minecraft:uniform",
								"min": 2,
								"max": 6
							}
						}
					]
				},
				{
					"type": "minecraft:item",
					"name": "minecraft:rabbit_hide",
					"weight": 20,
					"functions": [
						{
							"function": "minecraft:set_count",
							"count": {
								"type": "minecraft:uniform",
								"min": 0,
								"max": 2
							}
						}
					]
				}
			]
		}
	]
}
