{
	"pools": [
		{
			"rolls": 3,
			"bonus_rolls": 1,
			"entries": [
				{
					"type": "minecraft:item",
					"name": "minecraft:enchanted_golden_apple",
					"weight": 1
				},
				{
					"type": "minecraft:item",
					"name": "minecraft:gold_nugget",
					"weight": 20,
					"functions": [
						{
							"function": "minecraft:set_count",
							"count": {
								"type": "minecraft:uniform",
								"min": 7,
								"max": 32
							}
						}
					]
				},
				{
					"type": "minecraft:item",
					"name": "minecraft:gold_ingot",
					"weight": 10,
					"functions": [
						{
							"function": "minecraft:set_count",
							"count": {
								"type": "minecraft:uniform",
								"min": 1,
								"max": 3
							}
						}
					]
				},
				{
					"type": "minecraft:item",
					"name": "minecraft:hay_block",
					"weight": 5
				}
			]
		}
	]
}
