{
	"fallback": "minecraft:empty",
	"elements": [
		{
			"weight": 1,
			"element": {
				"element_type": "minecraft:single_pool_element",
				"projection": "rigid",
				"location": "str:cobblestone_ruin/bases/direct_base",
				"processors": "minecraft:empty"
			}
		},
		{
			"weight": 1,
			"element": {
				"element_type": "minecraft:single_pool_element",
				"projection": "rigid",
				"location": "str:cobblestone_ruin/bases/2_branching",
				"processors": "minecraft:empty"
			}
		},
		{
			"weight": 1,
			"element": {
				"element_type": "minecraft:single_pool_element",
				"projection": "rigid",
				"location": "str:cobblestone_ruin/bases/2_branching_diagonal",
				"processors": "minecraft:empty"
			}
		},
		{
			"weight": 1,
			"element": {
				"element_type": "minecraft:single_pool_element",
				"projection": "rigid",
				"location": "str:cobblestone_ruin/bases/3_branching",
				"processors": "minecraft:empty"
			}
		},
		{
			"weight": 1,
			"element": {
				"element_type": "minecraft:single_pool_element",
				"projection": "rigid",
				"location": "str:cobblestone_ruin/bases/3_branching_diagonal",
				"processors": "minecraft:empty"
			}
		}
	]
}
