{
    "fallback": "minecraft:empty",
    "elements": [
      {
        "element": {
          "element_type": "minecraft:single_pool_element",
          "location": "dstruct:big_mushroom/big_mushroom",
          "processors": "minecraft:empty",
          "projection": "rigid"
        },
        "weight": 1
      },
      {
        "element": {
          "element_type": "minecraft:single_pool_element",
          "location": "dstruct:big_mushroom/big_mushroom_brown",
          "processors": "minecraft:empty",
          "projection": "rigid"
        },
        "weight": 1
      }
    ]
  }