{
    "type": "minecraft:chest",
    "pools": [
        {
            "rolls": {
                "min": 3,
                "max": 5
            },
            "bonus_rolls": 0,
            "entries": [
                {
                    "type": "minecraft:item",
                    "weight": 2,
                    "name": "minecraft:glowstone_dust",
                    "functions": [
                        {
                            "function": "minecraft:set_count",
                            "count": {
                                "type": "minecraft:uniform",
                                "min": 0,
                                "max": 2
                            },
                            "add": false
                        }
                    ]
                },
                {
                    "type": "minecraft:item",
                    "weight": 3,
                    "name": "minecraft:sugar",
                    "functions": [
                        {
                            "function": "minecraft:set_count",
                            "count": {
                                "type": "minecraft:uniform",
                                "min": 0,
                                "max": 2
                            },
                            "add": false
                        }
                    ]
                },
                {
                    "type": "minecraft:item",
                    "weight": 1,
                    "name": "minecraft:redstone",
                    "functions": [
                        {
                            "function": "minecraft:set_count",
                            "count": {
                                "type": "minecraft:uniform",
                                "min": 0,
                                "max": 2
                            },
                            "add": false
                        }
                    ]
                },
                {
                    "type": "minecraft:item",
                    "weight": 2,
                    "name": "minecraft:spider_eye",
                    "functions": [
                        {
                            "function": "minecraft:set_count",
                            "count": {
                                "type": "minecraft:uniform",
                                "min": 0,
                                "max": 2
                            },
                            "add": false
                        }
                    ]
                },
                {
                    "type": "minecraft:item",
                    "weight": 4,
                    "name": "minecraft:glass_bottle",
                    "functions": [
                        {
                            "function": "minecraft:set_count",
                            "count": {
                                "type": "minecraft:uniform",
                                "min": 0,
                                "max": 2
                            },
                            "add": false
                        }
                    ]
                },
                {
                    "type": "minecraft:item",
                    "weight": 2,
                    "name": "minecraft:gunpowder",
                    "functions": [
                        {
                            "function": "minecraft:set_count",
                            "count": {
                                "type": "minecraft:uniform",
                                "min": 0,
                                "max": 2
                            },
                            "add": false
                        }
                    ]
                },
                {
                    "type": "minecraft:item",
                    "weight": 3,
                    "name": "minecraft:stick",
                    "functions": [
                        {
                            "function": "minecraft:set_count",
                            "count": {
                                "type": "minecraft:uniform",
                                "min": 1,
                                "max": 5
                            },
                            "add": false
                        }
                    ]
                },
                {
                    "type": "minecraft:item",
                    "weight": 3,
                    "name": "minecraft:potion",
                    "functions": [
                        {
                            "function": "minecraft:set_potion",
                            "id": "minecraft:water"
                        }
                    ]
                }
            ]
        },
        {
            "rolls": 1,
            "entries": [
                {
                    "type": "minecraft:item",
                    "name": "minecraft:potion",
                    "functions": [
                        {
                            "function": "minecraft:set_potion",
                            "id": "minecraft:healing"
                        }
                    ]
                },
                {
                    "type": "minecraft:item",
                    "name": "minecraft:splash_potion",
                    "functions": [
                        {
                            "function": "minecraft:set_potion",
                            "id": "minecraft:poison"
                        }
                    ]
                },
                {
                    "type": "minecraft:item",
                    "name": "minecraft:splash_potion",
                    "functions": [
                        {
                            "function": "minecraft:set_potion",
                            "id": "minecraft:strong_regeneration"
                        }
                    ]
                }
            ]
        }
    ],
    "random_sequence": "syhix:chests/dolmen"
}
