{
	"pools": [
		{
			"rolls": 1,
			"entries": [
				{
					"type": "minecraft:item",
					"weight": 2,
					"name": "minecraft:iron_axe"
				},
				{
					"type": "minecraft:item",
					"weight": 2,
					"name": "minecraft:iron_shovel"
				},
				{
					"type": "minecraft:item",
					"weight": 2,
					"name": "minecraft:crossbow"
				},
				{
					"type": "minecraft:item",
					"weight": 2,
					"name": "minecraft:iron_helmet"
				},
				{
					"type": "minecraft:item",
					"weight": 1,
					"name": "minecraft:totem_of_undying"
				}
			]
		},
		{
			"rolls": 2,
			"bonus_rolls": 0,
			"entries": [
				{
					"type": "minecraft:item",
					"name": "minecraft:arrow",
					"functions": [
						{
							"function": "minecraft:set_count",
							"count": {
								"type": "minecraft:uniform",
								"min": 4,
								"max": 10
							}
						}
					]
				},
				{
					"type": "minecraft:item",
					"name": "minecraft:emerald",
					"functions": [
						{
							"function": "minecraft:set_count",
							"count": {
								"type": "minecraft:uniform",
								"min": 3,
								"max": 5
							}
						}
					]
				},
				{
					"type": "minecraft:item",
					"name": "minecraft:potion",
					"functions": [
						{
							"function": "minecraft:set_potion",
							"id": "minecraft:strength"
						}
					]
				},
				{
					"type": "minecraft:item",
					"name": "minecraft:potion",
					"functions": [
						{
							"function": "minecraft:set_potion",
							"id": "minecraft:regeneration"
						}
					]
				},
				{
					"type": "minecraft:item",
					"name": "minecraft:map"
				},
				{
					"type": "minecraft:item",
					"name": "minecraft:tipped_arrow",
					"functions": [
						{
							"function": "minecraft:set_count",
							"count": {
								"type": "minecraft:uniform",
								"min": 3,
								"max": 6
							}
						},
						{
							"function": "minecraft:set_potion",
							"id": "minecraft:weakness"
						}
					]
				},
				{
					"type": "minecraft:item",
					"name": "minecraft:leather_chestplate"
				},
				{
					"type": "minecraft:item",
					"name": "minecraft:leather_leggings"
				}
			]
		},
		{
			"rolls": 2,
			"bonus_rolls": 0,
			"entries": [
				{
					"type": "minecraft:item",
					"name": "minecraft:string",
					"functions": [
						{
							"function": "minecraft:set_count",
							"count": {
								"type": "minecraft:uniform",
								"min": 3,
								"max": 5
							}
						}
					]
				},
				{
					"type": "minecraft:item",
					"name": "minecraft:carved_pumpkin"
				},
				{
					"type": "minecraft:item",
					"name": "minecraft:gunpowder",
					"functions": [
						{
							"function": "minecraft:set_count",
							"count": {
								"type": "minecraft:uniform",
								"min": 3,
								"max": 5
							}
						}
					]
				},
				{
					"type": "minecraft:item",
					"name": "minecraft:bread",
					"functions": [
						{
							"function": "minecraft:set_count",
							"count": {
								"type": "minecraft:uniform",
								"min": 2,
								"max": 5
							}
						}
					]
				}
			]
		},
		{
			"rolls": 1,
			"entries": [
				{
					"type": "minecraft:empty",
					"weight": 9
				},
				{
					"type": "minecraft:item",
					"weight": 1,
					"name": "minecraft:vex_armor_trim_smithing_template"
				}
			]
		}
	]
}
