{
	"pools": [
		{
			"rolls": {
				"type": "minecraft:uniform",
				"min": 3,
				"max": 4
			},
			"entries": [
				{
					"type": "minecraft:item",
					"name": "minecraft:raw_iron",
					"weight": 1,
					"functions": [
						{
							"function": "minecraft:set_count",
							"count": {
								"type": "minecraft:uniform",
								"min": 2,
								"max": 8
							},
							"add": true
						}
					]
				},
				{
					"type": "minecraft:item",
					"name": "minecraft:gravel",
					"weight": 1,
					"functions": [
						{
							"function": "minecraft:set_count",
							"count": {
								"type": "minecraft:uniform",
								"min": 1,
								"max": 8
							}
						}
					]
				},
				{
					"type": "minecraft:item",
					"name": "minecraft:flint",
					"weight": 1,
					"functions": [
						{
							"function": "minecraft:set_count",
							"count": {
								"type": "minecraft:uniform",
								"min": 1,
								"max": 8
							}
						}
					]
				},
				{
					"type": "minecraft:item",
					"name": "minecraft:coarse_dirt",
					"weight": 1,
					"functions": [
						{
							"function": "minecraft:set_count",
							"count": {
								"type": "minecraft:uniform",
								"min": 1,
								"max": 4
							}
						}
					]
				},
				{
					"type": "minecraft:item",
					"name": "minecraft:coal",
					"weight": 1,
					"functions": [
						{
							"function": "minecraft:set_count",
							"count": {
								"type": "minecraft:uniform",
								"min": 1,
								"max": 16
							}
						}
					]
				},
				{
					"type": "minecraft:item",
					"name": "minecraft:string",
					"weight": 3,
					"functions": [
						{
							"function": "minecraft:set_count",
							"count": {
								"type": "minecraft:uniform",
								"min": 1,
								"max": 3
							},
							"add": true
						}
					]
				},
				{
					"type": "minecraft:item",
					"name": "minecraft:raw_copper",
					"weight": 1,
					"functions": [
						{
							"function": "minecraft:set_count",
							"count": {
								"type": "minecraft:uniform",
								"min": 4,
								"max": 12
							}
						}
					]
				}
			]
		},
		{
			"rolls": 1,
			"bonus_rolls": 1,
			"entries": [
				{
					"type": "minecraft:item",
					"name": "minecraft:leather_helmet",
					"functions": [
						{
							"function": "minecraft:set_damage",
							"damage": {
								"type": "minecraft:uniform",
								"min": 0.8,
								"max": 1
							}
						}
					]
				},
				{
					"type": "minecraft:item",
					"name": "minecraft:leather_chestplate",
					"functions": [
						{
							"function": "minecraft:set_damage",
							"damage": {
								"type": "minecraft:uniform",
								"min": 0.8,
								"max": 1
							}
						}
					]
				},
				{
					"type": "minecraft:item",
					"name": "minecraft:leather_leggings",
					"functions": [
						{
							"function": "minecraft:set_damage",
							"damage": {
								"type": "minecraft:uniform",
								"min": 0.8,
								"max": 1
							}
						}
					]
				},
				{
					"type": "minecraft:item",
					"name": "minecraft:leather_boots",
					"functions": [
						{
							"function": "minecraft:set_damage",
							"damage": {
								"type": "minecraft:uniform",
								"min": 0.8,
								"max": 1
							}
						}
					]
				},
				{
					"type": "minecraft:item",
					"name": "minecraft:iron_pickaxe",
					"functions": [
						{
							"function": "minecraft:set_damage",
							"damage": {
								"type": "minecraft:uniform",
								"min": 0.2,
								"max": 1
							}
						}
					]
				},
				{
					"type": "minecraft:item",
					"name": "minecraft:iron_helmet",
					"functions": [
						{
							"function": "minecraft:set_damage",
							"damage": {
								"type": "minecraft:uniform",
								"min": 0.2,
								"max": 0.7
							}
						}
					]
				},
				{
					"type": "minecraft:item",
					"name": "minecraft:iron_boots",
					"functions": [
						{
							"function": "minecraft:set_damage",
							"damage": {
								"type": "minecraft:uniform",
								"min": 0.2,
								"max": 0.7
							}
						}
					]
				},
				{
					"type": "minecraft:item",
					"name": "minecraft:chainmail_boots",
					"functions": [
						{
							"function": "minecraft:set_damage",
							"damage": {
								"type": "minecraft:uniform",
								"min": 0.4,
								"max": 1
							}
						}
					]
				}
			]
		}
	]
}
