{
	"pools": [
		{
			"rolls": {
				"type": "minecraft:uniform",
				"min": 6,
				"max": 12
			},
			"entries": [
				{
					"type": "minecraft:item",
					"name": "minecraft:cookie",
					"weight": 7
				},
				{
					"type": "minecraft:item",
					"name": "minecraft:rotten_flesh",
					"weight": 7
				},
				{
					"type": "minecraft:item",
					"name": "minecraft:beetroot",
					"weight": 11,
					"functions": [
						{
							"function": "minecraft:set_count",
							"count": {
								"type": "minecraft:uniform",
								"min": 1,
								"max": 3
							},
							"add": false
						}
					]
				},
				{
					"type": "minecraft:item",
					"name": "minecraft:bread",
					"weight": 15
				},
				{
					"type": "minecraft:item",
					"name": "minecraft:cooked_mutton",
					"weight": 12
				},
				{
					"type": "minecraft:item",
					"name": "minecraft:baked_potato",
					"weight": 15,
					"functions": [
						{
							"function": "minecraft:set_count",
							"count": {
								"type": "minecraft:uniform",
								"min": 1,
								"max": 5
							}
						}
					]
				}
			]
		},
		{
			"rolls": 1,
			"entries": [
				{
					"type": "minecraft:empty",
					"weight": 19
				},
				{
					"type": "minecraft:item",
					"name": "minecraft:enchanted_golden_apple"
				}
			]
		}
	]
}
