{
	"pools": [
		{
			"rolls": {
				"type": "minecraft:uniform",
				"min": 1,
				"max": 2
			},
			"entries": [
				{
					"type": "minecraft:item",
					"name": "minecraft:shield",
					"weight": 3,
					"functions": [
						{
							"function": "minecraft:set_damage",
							"damage": {
								"type": "minecraft:uniform",
								"min": 0.3,
								"max": 0.6
							}
						}
					]
				},
				{
					"type": "minecraft:item",
					"name": "minecraft:iron_sword",
					"weight": 3,
					"functions": [
						{
							"function": "minecraft:set_damage",
							"damage": {
								"type": "minecraft:uniform",
								"min": 0.3,
								"max": 0.6
							}
						}
					]
				},
				{
					"type": "minecraft:item",
					"name": "minecraft:iron_helmet",
					"weight": 3,
					"functions": [
						{
							"function": "minecraft:set_damage",
							"damage": {
								"type": "minecraft:uniform",
								"min": 0.3,
								"max": 0.6
							}
						}
					]
				},
				{
					"type": "minecraft:item",
					"name": "minecraft:iron_chestplate",
					"weight": 3,
					"functions": [
						{
							"function": "minecraft:set_damage",
							"damage": {
								"type": "minecraft:uniform",
								"min": 0.3,
								"max": 0.6
							}
						}
					]
				},
				{
					"type": "minecraft:item",
					"name": "minecraft:miner_pottery_sherd",
					"functions": [
						{
							"function": "minecraft:set_count",
							"count": 1
						}
					]
				}
			]
		},
		{
			"rolls": 4,
			"bonus_rolls": 1,
			"entries": [
				{
					"type": "minecraft:item",
					"name": "minecraft:iron_nugget",
					"weight": 4,
					"functions": [
						{
							"function": "minecraft:set_count",
							"count": {
								"type": "minecraft:uniform",
								"min": 3,
								"max": 10
							}
						}
					]
				},
				{
					"type": "minecraft:item",
					"name": "minecraft:chain",
					"weight": 4,
					"functions": [
						{
							"function": "minecraft:set_count",
							"count": {
								"type": "minecraft:uniform",
								"min": 1,
								"max": 2
							}
						}
					]
				},
				{
					"type": "minecraft:item",
					"name": "minecraft:lantern",
					"weight": 2
				},
				{
					"type": "minecraft:item",
					"name": "minecraft:iron_ingot",
					"weight": 8
				},
				{
					"type": "minecraft:item",
					"name": "minecraft:copper_ingot",
					"weight": 4,
					"functions": [
						{
							"function": "minecraft:set_count",
							"count": {
								"type": "minecraft:uniform",
								"min": 1,
								"max": 2
							}
						}
					]
				},
				{
					"type": "minecraft:item",
					"name": "minecraft:arrow",
					"weight": 4,
					"functions": [
						{
							"function": "minecraft:set_count",
							"count": {
								"type": "minecraft:uniform",
								"min": 3,
								"max": 5
							}
						}
					]
				}
			]
		}
	]
}
