{
    "fallback": "minecraft:empty",
    "elements": [
      {
        "element": {
          "element_type": "minecraft:single_pool_element",
          "location": "dstruct:mud_ruin/large_house/large_house_1",
          "processors": "dstruct:mud_ruin_wear",
          "projection": "rigid"
        },
        "weight": 1
      },
      {
        "element": {
          "element_type": "minecraft:single_pool_element",
          "location": "dstruct:mud_ruin/large_house/large_house_2",
          "processors": "dstruct:mud_ruin_wear",
          "projection": "rigid"
        },
        "weight": 1
      },
      {
        "element": {
          "element_type": "minecraft:single_pool_element",
          "location": "dstruct:mud_ruin/large_house/large_house_3",
          "processors": "dstruct:mud_ruin_wear",
          "projection": "rigid"
        },
        "weight": 1
      },
      {
        "element": {
          "element_type": "minecraft:single_pool_element",
          "location": "dstruct:mud_ruin/large_house/large_house_4",
          "processors": "dstruct:mud_ruin_wear",
          "projection": "rigid"
        },
        "weight": 1
      }
    ]
  }