{
    "fallback": "minecraft:empty",
    "elements": [
      {
        "element": {
          "element_type": "minecraft:single_pool_element",
          "location": "dstruct:mud_ruin/ruin/ruin_1",
          "processors": "minecraft:empty",
          "projection": "rigid"
        },
        "weight": 1
      },
      {
        "element": {
          "element_type": "minecraft:single_pool_element",
          "location": "dstruct:mud_ruin/ruin/ruin_2",
          "processors": "minecraft:empty",
          "projection": "rigid"
        },
        "weight": 1
      },
      {
        "element": {
          "element_type": "minecraft:single_pool_element",
          "location": "dstruct:mud_ruin/ruin/ruin_3",
          "processors": "minecraft:empty",
          "projection": "rigid"
        },
        "weight": 1
      },
      {
        "element": {
          "element_type": "minecraft:single_pool_element",
          "location": "dstruct:mud_ruin/ruin/ruin_4",
          "processors": "minecraft:empty",
          "projection": "rigid"
        },
        "weight": 1
      },
      {
        "element": {
          "element_type": "minecraft:single_pool_element",
          "location": "dstruct:mud_ruin/ruin/ruin_5",
          "processors": "minecraft:empty",
          "projection": "rigid"
        },
        "weight": 1
      },
      {
        "element": {
          "element_type": "minecraft:single_pool_element",
          "location": "dstruct:mud_ruin/ruin/ruin_6",
          "processors": "minecraft:empty",
          "projection": "rigid"
        },
        "weight": 1
      },
      {
        "element": {
          "element_type": "minecraft:single_pool_element",
          "location": "dstruct:mud_ruin/house/house_1",
          "processors": "minecraft:empty",
          "projection": "rigid"
        },
        "weight": 1
      },
      {
        "element": {
          "element_type": "minecraft:single_pool_element",
          "location": "dstruct:mud_ruin/house/house_2",
          "processors": "minecraft:empty",
          "projection": "rigid"
        },
        "weight": 1
      },
      {
        "element": {
          "element_type": "minecraft:single_pool_element",
          "location": "dstruct:mud_ruin/house/house_3",
          "processors": "minecraft:empty",
          "projection": "rigid"
        },
        "weight": 1
      },
      {
        "element": {
          "element_type": "minecraft:single_pool_element",
          "location": "dstruct:mud_ruin/house/house_4",
          "processors": "minecraft:empty",
          "projection": "rigid"
        },
        "weight": 1
      },
      {
        "element": {
          "element_type": "minecraft:single_pool_element",
          "location": "dstruct:mud_ruin/house/house_5",
          "processors": "minecraft:empty",
          "projection": "rigid"
        },
        "weight": 1
      },
      {
        "element": {
          "element_type": "minecraft:single_pool_element",
          "location": "dstruct:mud_ruin/house/house_6",
          "processors": "minecraft:empty",
          "projection": "rigid"
        },
        "weight": 1
      },
      {
        "element": {
          "element_type": "minecraft:single_pool_element",
          "location": "dstruct:mud_ruin/house/house_7",
          "processors": "minecraft:empty",
          "projection": "rigid"
        },
        "weight": 1
      },
      {
        "element": {
          "element_type": "minecraft:single_pool_element",
          "location": "dstruct:mud_ruin/house/house_8",
          "processors": "minecraft:empty",
          "projection": "rigid"
        },
        "weight": 1
      }
    ]
  }