{
    "fallback": "minecraft:empty",
    "elements": [
      {
        "element": {
          "element_type": "minecraft:single_pool_element",
          "location": "dstruct:mud_ruin/paths/path_1",
          "processors": "minecraft:empty",
          "projection": "terrain_matching"
        },
        "weight": 1
      },
      {
        "element": {
          "element_type": "minecraft:single_pool_element",
          "location": "dstruct:mud_ruin/paths/path_2",
          "processors": "minecraft:empty",
          "projection": "terrain_matching"
        },
        "weight": 1
      },
      {
        "element": {
          "element_type": "minecraft:single_pool_element",
          "location": "dstruct:mud_ruin/paths/path_3",
          "processors": "minecraft:empty",
          "projection": "terrain_matching"
        },
        "weight": 1
      },
      {
        "element": {
          "element_type": "minecraft:single_pool_element",
          "location": "dstruct:mud_ruin/paths/path_4",
          "processors": "minecraft:empty",
          "projection": "terrain_matching"
        },
        "weight": 1
      },
      {
        "element": {
          "element_type": "minecraft:single_pool_element",
          "location": "dstruct:mud_ruin/paths/path_5",
          "processors": "minecraft:empty",
          "projection": "terrain_matching"
        },
        "weight": 1
      },
      {
        "element": {
          "element_type": "minecraft:single_pool_element",
          "location": "dstruct:mud_ruin/paths/path_6",
          "processors": "minecraft:empty",
          "projection": "terrain_matching"
        },
        "weight": 1
      },
      {
        "element": {
          "element_type": "minecraft:single_pool_element",
          "location": "dstruct:mud_ruin/paths/path_7",
          "processors": "minecraft:empty",
          "projection": "terrain_matching"
        },
        "weight": 1
      }
    ]
  }