{
    "fallback": "minecraft:empty",
    "elements": [
      {
        "element": {
          "element_type": "minecraft:single_pool_element",
          "location": "dstruct:desert_tomb/hallway/plus",
          "processors": "minecraft:empty",
          "projection": "rigid"
        },
        "weight": 1
      },
      {
        "element": {
          "element_type": "minecraft:single_pool_element",
          "location": "dstruct:desert_tomb/hallway/2_layer_stairs",
          "processors": "minecraft:empty",
          "projection": "rigid"
        },
        "weight": 2
      },
      {
        "element": {
          "element_type": "minecraft:single_pool_element",
          "location": "dstruct:desert_tomb/hallway/saw_plus",
          "processors": "minecraft:empty",
          "projection": "rigid"
        },
        "weight": 1
      },
      {
        "element": {
          "element_type": "minecraft:single_pool_element",
          "location": "dstruct:desert_tomb/hallway/2_layer_plus_spawner",
          "processors": "minecraft:empty",
          "projection": "rigid"
        },
        "weight": 3
      },
      {
        "element": {
          "element_type": "minecraft:single_pool_element",
          "location": "dstruct:desert_tomb/hallway/treasure_room_entry",
          "processors": "minecraft:empty",
          "projection": "rigid"
        },
        "weight": 1
      },
      {
        "element": {
          "element_type": "minecraft:single_pool_element",
          "location": "dstruct:desert_tomb/hallway/hallway_1",
          "processors": "minecraft:empty",
          "projection": "rigid"
        },
        "weight": 1
      },
      {
        "element": {
          "element_type": "minecraft:single_pool_element",
          "location": "dstruct:desert_tomb/hallway/hallway_2",
          "processors": "minecraft:empty",
          "projection": "rigid"
        },
        "weight": 1
      },
      {
        "element": {
          "element_type": "minecraft:single_pool_element",
          "location": "dstruct:desert_tomb/hallway/hallway_3",
          "processors": "minecraft:empty",
          "projection": "rigid"
        },
        "weight": 2
      },
      {
        "element": {
          "element_type": "minecraft:single_pool_element",
          "location": "dstruct:desert_tomb/hallway/hallway_4",
          "processors": "minecraft:empty",
          "projection": "rigid"
        },
        "weight": 1
      },
      {
        "element": {
          "element_type": "minecraft:single_pool_element",
          "location": "dstruct:desert_tomb/hallway/maze_room_entry",
          "processors": "minecraft:empty",
          "projection": "rigid"
        },
        "weight": 1
      },
      {
        "element": {
          "element_type": "minecraft:single_pool_element",
          "location": "dstruct:desert_tomb/hallway/2_floor",
          "processors": "minecraft:empty",
          "projection": "rigid"
        },
        "weight": 2
      },
      {
        "element": {
          "element_type": "minecraft:single_pool_element",
          "location": "dstruct:desert_tomb/hallway/big_plus_1",
          "processors": "minecraft:empty",
          "projection": "rigid"
        },
        "weight": 1
      },
      {
        "element": {
          "element_type": "minecraft:single_pool_element",
          "location": "dstruct:desert_tomb/hallway/trap_1",
          "processors": "minecraft:empty",
          "projection": "rigid"
        },
        "weight": 2
      },
      {
        "element": {
          "element_type": "minecraft:single_pool_element",
          "location": "dstruct:desert_tomb/hallway/zig_zag_1",
          "processors": "minecraft:empty",
          "projection": "rigid"
        },
        "weight": 2
      },
      {
        "element": {
          "element_type": "minecraft:single_pool_element",
          "location": "dstruct:desert_tomb/hallway/zig_zag_2",
          "processors": "minecraft:empty",
          "projection": "rigid"
        },
        "weight": 2
      },
      {
        "element": {
          "element_type": "minecraft:single_pool_element",
          "location": "dstruct:desert_tomb/hallway/u_turn_1",
          "processors": "minecraft:empty",
          "projection": "rigid"
        },
        "weight": 1
      },
      {
        "element": {
          "element_type": "minecraft:single_pool_element",
          "location": "dstruct:desert_tomb/hallway/u_turn_2",
          "processors": "minecraft:empty",
          "projection": "rigid"
        },
        "weight": 1
      }
    ]
  }