{
    "fallback": "minecraft:empty",
    "elements": [
      {
        "element": {
          "element_type": "minecraft:single_pool_element",
          "location": "dstruct:conquered_stronghold/conquered/thin_right/1r",
          "processors": "minecraft:empty",
          "projection": "rigid"
        },
        "weight": 1
      },
      {
        "element": {
          "element_type": "minecraft:single_pool_element",
          "location": "dstruct:conquered_stronghold/conquered/thin_right/2r",
          "processors": "minecraft:empty",
          "projection": "rigid"
        },
        "weight": 1
      },
      {
        "element": {
          "element_type": "minecraft:single_pool_element",
          "location": "dstruct:conquered_stronghold/conquered/thin_right/3r",
          "processors": "minecraft:empty",
          "projection": "rigid"
        },
        "weight": 1
      },
      {
        "element": {
          "element_type": "minecraft:single_pool_element",
          "location": "dstruct:conquered_stronghold/conquered/thin_right/8r",
          "processors": "minecraft:empty",
          "projection": "rigid"
        },
        "weight": 1
      },
      {
        "element": {
          "element_type": "minecraft:single_pool_element",
          "location": "dstruct:conquered_stronghold/conquered/thin_right/10r",
          "processors": "minecraft:empty",
          "projection": "rigid"
        },
        "weight": 1
      },
      {
        "element": {
          "element_type": "minecraft:single_pool_element",
          "location": "dstruct:conquered_stronghold/conquered/thin_right/12r",
          "processors": "minecraft:empty",
          "projection": "rigid"
        },
        "weight": 1
      }
    ]
  }