{
    "fallback": "minecraft:empty",
    "elements": [
      {
        "element": {
          "element_type": "minecraft:single_pool_element",
          "location": "dstruct:conquered_stronghold/conquered/thin_left/1l",
          "processors": "minecraft:empty",
          "projection": "rigid"
        },
        "weight": 1
      },
      {
        "element": {
          "element_type": "minecraft:single_pool_element",
          "location": "dstruct:conquered_stronghold/conquered/thin_left/2l",
          "processors": "minecraft:empty",
          "projection": "rigid"
        },
        "weight": 1
      },
      {
        "element": {
          "element_type": "minecraft:single_pool_element",
          "location": "dstruct:conquered_stronghold/conquered/thin_left/3l",
          "processors": "minecraft:empty",
          "projection": "rigid"
        },
        "weight": 1
      },
      {
        "element": {
          "element_type": "minecraft:single_pool_element",
          "location": "dstruct:conquered_stronghold/conquered/thin_left/4l",
          "processors": "minecraft:empty",
          "projection": "rigid"
        },
        "weight": 1
      },
      {
        "element": {
          "element_type": "minecraft:single_pool_element",
          "location": "dstruct:conquered_stronghold/conquered/thin_left/5l",
          "processors": "minecraft:empty",
          "projection": "rigid"
        },
        "weight": 1
      },
      {
        "element": {
          "element_type": "minecraft:single_pool_element",
          "location": "dstruct:conquered_stronghold/conquered/thin_left/6l",
          "processors": "minecraft:empty",
          "projection": "rigid"
        },
        "weight": 1
      },
      {
        "element": {
          "element_type": "minecraft:single_pool_element",
          "location": "dstruct:conquered_stronghold/conquered/thin_left/7l",
          "processors": "minecraft:empty",
          "projection": "rigid"
        },
        "weight": 1
      },
      {
        "element": {
          "element_type": "minecraft:single_pool_element",
          "location": "dstruct:conquered_stronghold/conquered/thin_left/8l",
          "processors": "minecraft:empty",
          "projection": "rigid"
        },
        "weight": 1
      },
      {
        "element": {
          "element_type": "minecraft:single_pool_element",
          "location": "dstruct:conquered_stronghold/conquered/thin_left/9l",
          "processors": "minecraft:empty",
          "projection": "rigid"
        },
        "weight": 1
      },
      {
        "element": {
          "element_type": "minecraft:single_pool_element",
          "location": "dstruct:conquered_stronghold/conquered/thin_left/16l",
          "processors": "minecraft:empty",
          "projection": "rigid"
        },
        "weight": 1
      },
      {
        "element": {
          "element_type": "minecraft:single_pool_element",
          "location": "dstruct:conquered_stronghold/conquered/thin_left/20l",
          "processors": "minecraft:empty",
          "projection": "rigid"
        },
        "weight": 1
      },
      {
        "element": {
          "element_type": "minecraft:single_pool_element",
          "location": "dstruct:conquered_stronghold/conquered/thin_left/21l",
          "processors": "minecraft:empty",
          "projection": "rigid"
        },
        "weight": 1
      },
      {
        "element": {
          "element_type": "minecraft:single_pool_element",
          "location": "dstruct:conquered_stronghold/conquered/thin_left/22l",
          "processors": "minecraft:empty",
          "projection": "rigid"
        },
        "weight": 1
      },
      {
        "element": {
          "element_type": "minecraft:single_pool_element",
          "location": "dstruct:conquered_stronghold/conquered/thin_left/23l",
          "processors": "minecraft:empty",
          "projection": "rigid"
        },
        "weight": 1
      }
    ]
  }