{
    "fallback": "minecraft:empty",
    "elements": [
      {
        "element": {
          "element_type": "minecraft:single_pool_element",
          "location": "dstruct:conquered_stronghold/surface/roads/1",
          "processors": "minecraft:empty",
          "projection": "terrain_matching"
        },
        "weight": 5
      },
      {
        "element": {
          "element_type": "minecraft:single_pool_element",
          "location": "dstruct:conquered_stronghold/surface/roads/2",
          "processors": "minecraft:empty",
          "projection": "terrain_matching"
        },
        "weight": 5
      },
      {
        "element": {
          "element_type": "minecraft:single_pool_element",
          "location": "dstruct:conquered_stronghold/surface/roads/3",
          "processors": "minecraft:empty",
          "projection": "terrain_matching"
        },
        "weight": 5
      },
      {
        "element": {
          "element_type": "minecraft:single_pool_element",
          "location": "dstruct:conquered_stronghold/surface/roads/4",
          "processors": "minecraft:empty",
          "projection": "terrain_matching"
        },
        "weight": 5
      }
    ]
  }