{
    "fallback": "minecraft:empty",
    "elements": [
      {
        "element": {
          "element_type": "minecraft:empty_pool_element"
        },
        "weight": 2
      },
      {
        "element": {
          "element_type": "minecraft:single_pool_element",
          "location": "dstruct:conquered_stronghold/surface/buildings/cage_1",
          "processors": "minecraft:empty",
          "projection": "rigid"
        },
        "weight": 1
      },
      {
        "element": {
          "element_type": "minecraft:single_pool_element",
          "location": "dstruct:conquered_stronghold/surface/buildings/cpf_1",
          "processors": "minecraft:empty",
          "projection": "rigid"
        },
        "weight": 2
      },
      {
        "element": {
          "element_type": "minecraft:single_pool_element",
          "location": "dstruct:conquered_stronghold/surface/buildings/tn_1",
          "processors": "minecraft:empty",
          "projection": "rigid"
        },
        "weight": 1
      },
      {
        "element": {
          "element_type": "minecraft:single_pool_element",
          "location": "dstruct:conquered_stronghold/surface/buildings/tn_2",
          "processors": "minecraft:empty",
          "projection": "rigid"
        },
        "weight": 2
      },
      {
        "element": {
          "element_type": "minecraft:single_pool_element",
          "location": "dstruct:conquered_stronghold/surface/buildings/trg_1",
          "processors": "minecraft:empty",
          "projection": "rigid"
        },
        "weight": 1
      },
      {
        "element": {
          "element_type": "minecraft:single_pool_element",
          "location": "dstruct:conquered_stronghold/surface/buildings/twr",
          "processors": "minecraft:empty",
          "projection": "rigid"
        },
        "weight": 1
      },
      {
        "element": {
          "element_type": "minecraft:single_pool_element",
          "location": "dstruct:conquered_stronghold/surface/buildings/wl_1",
          "processors": "minecraft:empty",
          "projection": "rigid"
        },
        "weight": 1
      }
    ]
  }