{
	"processors": [
		{
			"processor_type": "minecraft:rule",
			"rules": [
				{
					"location_predicate": {
						"predicate_type": "minecraft:block_match",
						"block": "minecraft:air"
					},
					"input_predicate": {
						"predicate_type": "minecraft:tag_match",
						"tag": "minecraft:base_stone_overworld"
					},
					"output_state": {
						"Name": "minecraft:air"
					}
				},
				{
					"location_predicate": {
						"predicate_type": "minecraft:block_match",
						"block": "minecraft:water"
					},
					"input_predicate": {
						"predicate_type": "minecraft:tag_match",
						"tag": "minecraft:base_stone_overworld"
					},
					"output_state": {
						"Name": "minecraft:water",
						"Properties": {
							"level": "0"
						}
					}
				}
			]
		}
	]
}

