{
	"processors": [
		{
			"processor_type": "minecraft:rule",
			"rules": [
				{
					"location_predicate": {
						"predicate_type": "minecraft:tag_match",
						"tag": "dstruct:surface_mineshaft/air_and_water"
					},
					"input_predicate": {
						"predicate_type": "minecraft:block_match",
						"block": "minecraft:cobblestone"
					},
					"output_state": {
						"Name": "minecraft:oak_planks"
					}
				},
                {
					"location_predicate": {
						"predicate_type": "minecraft:block_match",
						"block": "minecraft:air"
					},
					"input_predicate": {
						"predicate_type": "minecraft:tag_match",
						"tag": "minecraft:base_stone_overworld"
					},
					"output_state": {
						"Name": "minecraft:air"
					}
				},
				{
					"location_predicate": {
						"predicate_type": "minecraft:blockstate_match",
						"block_state": {
							"Name": "minecraft:water",
							"Properties": {
								"level": "0"
							}
						}
					},
					"input_predicate": {
						"predicate_type": "minecraft:tag_match",
						"tag": "minecraft:base_stone_overworld"
					},
					"output_state": {
						"Name": "minecraft:water",
						"Properties": {
							"level": "0"
						}
					}
				}
			]
		}
	]
}
